Accounts;Acc_ID;nvarchar;100
Accounts;Acc_Name;nvarchar;500
Accounts;Acc_Name_En;nvarchar;500
Accounts;Parent_ID;nvarchar;100
Accounts;Account_Level;int;4
Accounts;Acc_Type;tinyint;1
Accounts;Acc_Nature;tinyint;1
Accounts;Report_Type;tinyint;1
Accounts;Is_Stopped;bit;1
Accounts_Chart;Acc_ID;int;4
Accounts_Chart;Acc_Name;nvarchar;200
Accounts_Chart;Parent_Acc_ID;int;4
Accounts_Chart;Acc_Type;nvarchar;40
Currencies;Cur_ID;int;4
Currencies;Cur_Name;nvarchar;100
Currencies;Exchange_Rate;decimal;9
Customers;Cust_ID;int;4
Customers;Cust_Name;nvarchar;500
Customers;Cust_Phone;nvarchar;40
Customers;Cust_Address;nvarchar;1000
Customers;Acc_ID;int;4
Doc_Types;Doc_Type_ID;int;4
Doc_Types;Doc_Name;nvarchar;100
Doc_Types;Module_Name;nvarchar;100
Item_Balances;Balance_ID;int;4
Item_Balances;Item_ID;int;4
Item_Balances;Store_ID;int;4
Item_Balances;Quantity;decimal;9
Items;Item_ID;int;4
Items;Item_Name;nvarchar;200
Items;Base_Unit_ID;int;4
Items;Default_Price;decimal;9
Journal_Header;Journal_ID;int;4
Journal_Header;Journal_Date;datetime;8
Journal_Header;Currency_ID;int;4
Journal_Header;Exchange_Rate;decimal;9
Journal_Header;Notes;nvarchar;-1
Journal_Header;Is_Posted;bit;1
Payment_Methods;Method_ID;int;4
Payment_Methods;Method_Name;nvarchar;100
Stores;Store_ID;int;4
Stores;Store_Name;nvarchar;200
Stores;Store_Location;nvarchar;400
Suppliers;Supp_ID;int;4
Suppliers;Supp_Name;nvarchar;500
Suppliers;Supp_Phone;nvarchar;40
Suppliers;Supp_Address;nvarchar;1000
Suppliers;Acc_ID;int;4
sysdiagrams;name;sysname;256
sysdiagrams;principal_id;int;4
sysdiagrams;diagram_id;int;4
sysdiagrams;version;int;4
sysdiagrams;definition;varbinary;-1
System_Shortcuts;Operation_Name;nvarchar;100
System_Shortcuts;Modifier_Key;nvarchar;40
System_Shortcuts;Primary_Key;nvarchar;100
Units;Unit_ID;int;4
Units;Unit_Name;nvarchar;100
Units;Conversion_Factor;decimal;9
